name,birth_date,email,phone,membershipType,join_date
Travis Hunt,"Dec 10, 2025",suspendisse.sed@protonmail.com,(546) 746-2767,1,"Jan 16, 2024"
Vivien Mcdaniel,"Jun 9, 2025",est.vitae@hotmail.couk,1-715-353-3367,3,"Jan 4, 2024"
Caleb West,"Jun 2, 2025",praesent@protonmail.couk,(371) 435-6263,2,"Jun 20, 2026"
Colt Sargent,"Sep 2, 2024",nunc@protonmail.edu,(744) 913-6895,2,"Oct 29, 2025"
Quentin Peters,"Nov 17, 2025",mi.duis.risus@google.edu,(458) 548-7781,3,"Nov 16, 2026"
Darrel Sandoval,"Feb 22, 2026",eget.dictum@yahoo.couk,1-461-372-8460,3,"May 22, 2024"
Boris Jarvis,"Aug 21, 2025",integer.id@google.edu,1-668-246-8363,2,"Oct 22, 2026"
Acton Blevins,"Aug 10, 2025",varius.ultrices.mauris@aol.com,(583) 390-1176,3,"Jun 18, 2024"
Autumn Holmes,"Aug 13, 2025",vivamus.sit@hotmail.ca,(574) 164-3674,2,"Feb 29, 2024"
Len Key,"Dec 17, 2024",lacus.varius.et@icloud.org,1-723-143-5898,3,"Mar 11, 2026"
Jason Roth,"Jul 7, 2025",malesuada.vel@google.ca,1-885-851-2372,2,"Jan 5, 2024"
Tamara Sandoval,"Dec 3, 2024",mauris.eu.turpis@hotmail.net,1-217-132-8187,3,"Dec 6, 2026"
Nadine Franks,"Apr 9, 2024",nulla.eu@protonmail.ca,1-823-164-7184,1,"Nov 18, 2026"
Portia Cabrera,"Oct 12, 2025",mauris.id.sapien@hotmail.net,1-527-272-7483,2,"May 8, 2025"
Garrison Cooper,"Feb 20, 2025",maecenas.ornare@yahoo.edu,1-638-931-5294,2,"Jun 12, 2024"
Kristen Flynn,"Mar 2, 2025",torquent.per@icloud.couk,(927) 379-2917,2,"Dec 7, 2026"
Harlan Hahn,"Apr 10, 2025",tempor.bibendum@icloud.edu,(327) 769-0206,1,"Aug 6, 2026"
Gray Miller,"Feb 22, 2025",id.enim.curabitur@google.org,(822) 441-6123,3,"Oct 27, 2025"
Nelle Barton,"Mar 28, 2024",etiam.imperdiet.dictum@aol.net,1-252-415-3565,1,"Aug 31, 2025"
Althea Vincent,"Dec 1, 2025",proin.ultrices.duis@icloud.com,1-776-140-8238,1,"Feb 2, 2024"
Adele Solomon,"May 26, 2025",facilisis.non.bibendum@icloud.couk,(302) 542-6777,3,"Mar 30, 2026"
Callum Merritt,"May 10, 2025",nulla.eu@aol.edu,(985) 131-6787,2,"Apr 6, 2025"
Ray Larson,"Oct 8, 2024",fames@outlook.ca,(676) 967-8427,3,"Nov 5, 2024"
Kellie Velasquez,"Dec 28, 2025",lobortis.quis@google.edu,1-862-462-8180,3,"Jun 6, 2024"
Scarlet Harris,"Feb 23, 2026",lorem.tristique.aliquet@hotmail.net,(474) 778-2534,2,"Jul 27, 2025"
Elliott Leon,"Aug 18, 2024",vivamus.euismod.urna@outlook.org,(653) 628-4952,3,"Feb 4, 2024"
Scarlet Oliver,"Dec 13, 2024",at.fringilla.purus@hotmail.org,(845) 491-3365,3,"Jan 12, 2024"
Leilani Head,"Jan 12, 2025",lorem.eget@yahoo.com,(425) 323-3534,2,"Apr 29, 2024"
Macey Sullivan,"Apr 30, 2024",iaculis.aliquet@yahoo.edu,(559) 568-3546,1,"Jun 7, 2026"
MacKenzie Lloyd,"May 26, 2025",risus.morbi@aol.edu,1-855-948-4045,2,"Nov 4, 2025"
Jeanette Schmidt,"Jul 28, 2025",pellentesque@protonmail.ca,(694) 576-8401,2,"Dec 29, 2026"
Garrett Decker,"Mar 30, 2024",risus.quis@yahoo.com,1-138-242-1262,3,"Nov 28, 2025"
Fiona Kirkland,"Nov 8, 2025",odio.auctor.vitae@hotmail.ca,(235) 705-8455,3,"Mar 7, 2024"
Fletcher Paul,"Jun 10, 2024",odio.phasellus@aol.com,(330) 436-5331,1,"Jul 4, 2025"
Jillian Lyons,"Nov 2, 2024",aliquet.molestie@icloud.edu,(633) 351-1792,2,"Mar 17, 2024"
Anika Sexton,"Dec 12, 2025",quam@protonmail.couk,1-602-805-2236,3,"Feb 9, 2026"
Chiquita Pope,"Nov 1, 2024",molestie.arcu@hotmail.com,(581) 277-4735,3,"Apr 29, 2024"
Iliana Hammond,"Nov 21, 2025",nascetur.ridiculus@yahoo.couk,(865) 867-8989,3,"May 16, 2025"
Bianca Schmidt,"May 18, 2024",tempor.diam.dictum@hotmail.couk,(611) 658-1338,2,"May 31, 2026"
Ralph King,"Dec 25, 2025",eleifend@yahoo.com,1-359-464-5837,2,"Jun 7, 2024"
Skyler Sanford,"Nov 26, 2025",et.magnis@outlook.couk,(351) 238-2282,3,"Oct 8, 2024"
Xenos Hall,"Jul 4, 2024",eleifend.cras.sed@icloud.net,(172) 971-5429,3,"Jun 24, 2026"
Melyssa Mcfadden,"Feb 28, 2026",est@aol.couk,1-465-257-9445,1,"May 14, 2025"
Lareina Powers,"May 17, 2024",consectetuer.adipiscing@yahoo.couk,(303) 266-1417,2,"Jul 20, 2025"
Ishmael Morton,"Jul 14, 2025",est.mollis.non@aol.edu,(847) 638-9325,2,"May 16, 2026"
Carly Ramos,"Feb 16, 2025",justo.sit@icloud.couk,1-310-536-7928,1,"Jan 12, 2024"
Winifred Case,"Jul 18, 2025",turpis@outlook.ca,1-663-598-6487,2,"Jul 7, 2024"
Ciara Johns,"Jun 25, 2025",magna.tellus@hotmail.net,1-277-820-5171,2,"Nov 4, 2024"
Nolan Palmer,"Nov 16, 2024",amet@icloud.edu,(266) 882-0118,2,"May 7, 2026"
Steven Palmer,"Jan 26, 2026",vivamus@hotmail.ca,(635) 913-2493,2,"Apr 18, 2025"
Dante Oneil,"Jan 17, 2026",a@icloud.org,1-251-723-5675,3,"Apr 12, 2025"
Garrett May,"Jan 5, 2026",enim.suspendisse@yahoo.org,1-540-564-5067,1,"Jun 1, 2026"
Haviva Campbell,"Apr 28, 2024",neque.sed.dictum@protonmail.com,1-818-912-4647,3,"Nov 8, 2026"
Leilani Vincent,"Nov 24, 2024",ante.dictum.mi@outlook.edu,(282) 741-5276,3,"Dec 22, 2025"
Ethan Hoffman,"Jun 13, 2025",mauris.integer.sem@aol.org,1-624-382-8567,3,"Nov 27, 2024"
Zane Pennington,"Aug 11, 2025",amet.diam@aol.org,(253) 354-1971,3,"Dec 10, 2026"
Callie Koch,"Mar 28, 2025",aenean.gravida@google.com,1-731-415-1619,2,"May 17, 2026"
Aileen Ross,"Aug 24, 2025",ut.quam@google.net,(666) 784-6146,2,"Nov 8, 2025"
Candace Hansen,"Sep 7, 2024",vitae@yahoo.org,1-358-822-3223,1,"Jun 16, 2025"
Yuri Kerr,"Dec 21, 2025",proin.velit@aol.edu,(182) 927-3761,2,"Apr 18, 2025"
Uriah Mcknight,"Jan 25, 2025",duis@google.couk,(441) 375-5407,2,"Mar 23, 2025"
Naida Greene,"Oct 9, 2025",diam.dictum@icloud.org,(254) 171-1671,2,"Jan 13, 2024"
Flavia Barker,"Jun 24, 2025",diam.proin@aol.edu,1-234-893-6431,1,"Jan 1, 2026"
Kylan Lara,"Dec 1, 2024",nunc.quisque.ornare@protonmail.edu,(752) 905-6999,3,"Mar 12, 2024"
Tanner Graves,"Mar 6, 2025",penatibus@google.couk,(859) 407-8319,2,"Mar 8, 2026"
Tatum Hopper,"Apr 3, 2024",lectus.a@google.ca,1-181-871-2513,3,"Oct 21, 2024"
Noelle Watkins,"Jul 11, 2024",pede.cum@outlook.org,1-916-882-5342,2,"Oct 21, 2026"
Zachary Miranda,"May 31, 2024",vel.turpis@protonmail.org,(596) 363-1016,2,"Jan 31, 2026"
Stephanie Velez,"May 16, 2024",nulla@outlook.net,1-822-575-6663,1,"Jun 12, 2025"
Iliana Buchanan,"Nov 8, 2024",urna.et@hotmail.couk,(250) 757-6822,1,"Jun 15, 2026"
Dane Townsend,"Jun 13, 2025",in@hotmail.couk,(879) 890-2642,2,"Aug 8, 2026"
Kieran Koch,"Jan 26, 2026",duis.sit@google.ca,1-933-337-3966,3,"Dec 17, 2024"
Renee Rowland,"Nov 6, 2025",in@hotmail.com,(131) 424-4438,1,"Dec 24, 2025"
Libby Solomon,"Mar 1, 2026",pretium.et@yahoo.ca,(239) 631-3442,3,"Jul 13, 2024"
Latifah Powell,"May 28, 2025",sit.amet.consectetuer@yahoo.ca,(642) 888-3175,1,"Mar 9, 2025"
Hop Alston,"Nov 9, 2025",et.lacinia.vitae@aol.net,1-412-485-4336,1,"Mar 3, 2024"
Griffith Dunn,"Nov 18, 2024",tellus.phasellus@hotmail.edu,1-804-485-3197,2,"Feb 3, 2025"
Kaye Hutchinson,"May 7, 2024",nulla.at.sem@hotmail.ca,(155) 854-2821,2,"May 3, 2025"
Gary Wiggins,"Nov 29, 2025",eros.turpis.non@protonmail.edu,(628) 687-9889,2,"Jan 12, 2025"
Jerome Boyle,"Oct 5, 2024",donec.nibh@hotmail.edu,(306) 820-1723,2,"Mar 11, 2024"
Merritt Snyder,"May 8, 2024",lacus.aliquam.rutrum@hotmail.net,1-556-862-8225,2,"Sep 28, 2026"
Serena Hodge,"Jun 22, 2024",non.sapien.molestie@aol.com,1-459-681-3521,1,"Sep 14, 2026"
Lilah Sanders,"Dec 7, 2025",amet.nulla@protonmail.org,1-775-854-1774,2,"Jul 21, 2026"
Marcia Parks,"Aug 7, 2024",ipsum.primis@outlook.ca,1-306-317-3821,1,"Apr 10, 2026"
Griffith Velasquez,"Mar 24, 2025",nam.consequat@icloud.edu,(482) 431-2200,1,"Mar 30, 2024"
Zane Meadows,"Sep 6, 2024",litora.torquent@outlook.com,1-356-207-9616,3,"Nov 13, 2026"
Theodore Simpson,"Apr 17, 2024",tempor.arcu@aol.net,1-975-690-2873,1,"Jun 1, 2025"
Anjolie Jensen,"Mar 14, 2026",dapibus.rutrum.justo@google.org,1-405-913-4413,2,"Jan 26, 2024"
Azalia Le,"Jan 25, 2025",non.justo@hotmail.net,1-977-288-8512,2,"Apr 1, 2025"
Lamar Jefferson,"Jun 21, 2025",lobortis.mauris.suspendisse@aol.org,(821) 882-0486,2,"Nov 30, 2025"
Brian Jenkins,"Aug 17, 2024",vestibulum.accumsan@aol.edu,1-350-737-6303,1,"Jun 18, 2024"
Wing Hughes,"Apr 1, 2025",in.faucibus@yahoo.net,(984) 773-6530,1,"Mar 16, 2024"
Sybill Kinney,"Feb 21, 2025",integer.mollis@icloud.couk,(263) 494-4826,2,"Sep 1, 2025"
Summer Curry,"Oct 1, 2025",adipiscing.lobortis.risus@protonmail.couk,1-575-487-7854,2,"May 24, 2025"
Logan Johnston,"Jan 10, 2026",sodales.at.velit@google.edu,(199) 187-5878,2,"Aug 7, 2025"
Jackson Greene,"Mar 29, 2024",purus@outlook.ca,1-631-543-2967,3,"Jun 29, 2026"
Freya Delgado,"Nov 1, 2025",at.velit.cras@protonmail.net,(475) 516-9817,1,"May 4, 2026"
Remedios Alston,"May 5, 2025",non.massa@yahoo.edu,(325) 519-2704,3,"Feb 25, 2026"
Kuame Burch,"Jan 17, 2025",leo.in@yahoo.ca,1-283-762-4252,1,"Nov 26, 2024"
Riley Warren,"Jul 10, 2025",sagittis.lobortis@google.net,(917) 325-2033,1,"Jul 12, 2026"
Todd Buck,"Nov 15, 2024",consectetuer.rhoncus@google.edu,1-523-560-5843,3,"Apr 29, 2025"
Macy Dennis,"Sep 6, 2024",lectus.convallis.est@outlook.net,(804) 768-5260,1,"Sep 12, 2025"
Alec Giles,"Dec 2, 2024",sodales.purus@outlook.couk,(873) 822-3281,2,"Dec 24, 2024"
Eve Daugherty,"Aug 18, 2025",orci@google.com,(221) 474-8187,1,"Sep 10, 2024"
Martina Myers,"Nov 7, 2025",ante.iaculis@google.net,(315) 716-6666,1,"Sep 23, 2025"
Preston England,"Mar 25, 2026",facilisi.sed@hotmail.edu,(353) 921-1745,1,"May 6, 2024"
Kasper Sandoval,"Apr 28, 2025",libero.integer@yahoo.couk,1-366-891-5982,1,"Aug 25, 2024"
Roanna Ward,"Feb 21, 2025",fringilla.est.mauris@outlook.org,1-867-592-8225,1,"Sep 14, 2024"
Elton Ballard,"Aug 12, 2024",mauris.morbi@google.net,1-668-118-2365,2,"Jan 9, 2024"
Timothy Fox,"Oct 24, 2025",consequat.auctor@hotmail.edu,1-818-317-8724,1,"Feb 13, 2024"
Dacey Reynolds,"Dec 7, 2025",luctus.lobortis@yahoo.couk,1-380-633-1928,1,"Jul 28, 2024"
Adam Francis,"Jul 28, 2025",mauris.sapien@outlook.couk,(523) 535-1973,2,"Jan 19, 2026"
Alice Hampton,"Aug 14, 2025",vel.pede@hotmail.ca,1-366-807-1823,2,"Jun 27, 2026"
Courtney Camacho,"Oct 28, 2025",nam.tempor@icloud.couk,1-161-347-1229,1,"Nov 29, 2025"
Elijah Avery,"Nov 18, 2024",ut.semper@hotmail.org,1-408-532-3618,2,"Nov 30, 2025"
Odessa Mcneil,"Nov 26, 2024",purus.ac@hotmail.ca,1-604-272-7716,2,"Jul 3, 2025"
Halla Manning,"Jun 10, 2024",tristique@protonmail.ca,(461) 833-6643,2,"Mar 11, 2026"
Raymond Nolan,"Apr 1, 2024",quisque@google.com,1-831-917-6655,3,"May 6, 2025"
Hope Gill,"Jan 28, 2026",egestas.sed.pharetra@google.net,1-750-456-4705,1,"Jan 18, 2026"
Zelda Wiley,"Jan 8, 2026",dictum@outlook.edu,1-653-196-8664,1,"Nov 4, 2026"
Samantha Kennedy,"Jan 24, 2026",massa.vestibulum@outlook.net,(954) 803-5052,3,"Feb 9, 2024"
Gabriel Gay,"Mar 1, 2025",tincidunt.dui.augue@icloud.com,1-899-934-1674,3,"Mar 25, 2024"
Rosalyn Terrell,"Sep 26, 2025",tortor.nunc.commodo@protonmail.ca,(503) 542-7274,2,"Jul 9, 2026"
Rhona Simmons,"Oct 26, 2025",vel.mauris.integer@protonmail.org,(295) 235-6331,2,"Aug 24, 2025"
Petra Horn,"Aug 2, 2024",proin.velit@icloud.ca,(166) 787-3545,1,"Feb 18, 2025"
Carol Huffman,"Feb 26, 2026",integer.mollis@google.couk,1-486-247-4134,2,"Jan 2, 2025"
Vance Miranda,"Mar 3, 2025",eu.eleifend@google.ca,1-826-335-1473,2,"May 20, 2026"
Lacey Best,"May 2, 2024",enim.etiam@icloud.com,1-632-163-7567,2,"Mar 23, 2025"
Quamar Rios,"Jan 13, 2026",non@icloud.net,1-696-346-2625,2,"Apr 17, 2024"
Kaseem Watkins,"Nov 20, 2024",phasellus.dapibus.quam@protonmail.edu,1-183-410-1866,2,"Oct 15, 2026"
Briar Wilson,"Nov 9, 2024",mattis.velit@outlook.edu,1-522-296-3367,2,"Apr 26, 2026"
Kristen Butler,"Jun 27, 2025",massa.lobortis@aol.ca,1-354-583-5741,3,"Dec 30, 2025"
Candice Frye,"Jul 11, 2025",diam.eu@icloud.net,(937) 856-6446,2,"Feb 13, 2026"
Amity Benton,"Jan 12, 2026",ut.erat@hotmail.com,(648) 277-1835,1,"Oct 24, 2025"
Reece Webster,"May 18, 2024",urna@hotmail.com,1-764-707-7836,3,"Mar 16, 2025"
Baker Gaines,"Mar 22, 2026",tortor.dictum.eu@google.couk,1-311-848-2417,2,"May 3, 2026"
Wilma Weber,"Dec 6, 2024",egestas@google.edu,1-755-233-3233,2,"Jun 2, 2024"
Inez Leon,"May 4, 2024",urna.justo.faucibus@hotmail.com,(157) 458-0378,2,"Aug 21, 2025"
Alisa Woodward,"Feb 12, 2025",in.sodales.elit@outlook.org,1-981-472-1821,2,"Mar 21, 2025"
Frances Manning,"Dec 8, 2025",auctor.ullamcorper@icloud.com,(351) 473-7439,3,"Sep 2, 2025"
Kiara Golden,"Apr 25, 2024",mollis.vitae.posuere@icloud.org,1-484-884-2515,3,"Aug 18, 2024"
Desirae Andrews,"Aug 15, 2025",nullam.enim@yahoo.couk,1-354-811-2709,2,"Nov 13, 2025"
Isaac Patterson,"Jan 27, 2026",ipsum.phasellus.vitae@protonmail.ca,(643) 791-2118,1,"Oct 25, 2026"
Carol Hendrix,"Apr 22, 2025",in.ornare@outlook.com,(413) 187-5338,2,"Nov 12, 2026"
Mollie Perry,"Jan 15, 2025",aliquet.sem@aol.com,1-732-965-9379,3,"Apr 7, 2024"
Rogan Petty,"Jul 30, 2024",ipsum.cursus.vestibulum@yahoo.couk,(257) 497-2127,1,"Jul 27, 2025"
Reece Page,"Jul 10, 2024",mauris.sagittis.placerat@hotmail.ca,1-895-772-6163,2,"Jun 17, 2024"
Eagan Dominguez,"Jul 2, 2025",quam.a@protonmail.net,1-538-166-6251,2,"Nov 8, 2025"
Whitney Estes,"Jan 12, 2025",dolor.fusce@yahoo.ca,(988) 231-6343,3,"Dec 24, 2025"
Aileen Zamora,"Jan 23, 2026",scelerisque@yahoo.com,1-646-592-3735,3,"Dec 18, 2026"
Theodore Maldonado,"Sep 11, 2025",curabitur.dictum.phasellus@aol.edu,1-275-572-3577,2,"Jun 22, 2024"
Veronica Mann,"Jul 1, 2025",tristique.pharetra@google.edu,(724) 380-7137,3,"Dec 14, 2026"
Emery Case,"Sep 9, 2024",arcu.vestibulum.ante@outlook.net,(695) 453-6825,3,"Sep 16, 2024"
Sawyer Conley,"May 29, 2024",donec.nibh@google.ca,(587) 518-1748,2,"Aug 18, 2026"
Yvette Randall,"Jan 4, 2026",facilisis@protonmail.couk,1-605-608-5126,2,"Feb 6, 2026"
Alana Hayes,"Jul 19, 2024",porttitor@protonmail.com,1-342-114-3221,1,"Apr 7, 2025"
Samuel Mckenzie,"Apr 26, 2025",sed@aol.net,1-233-575-2557,1,"Dec 10, 2024"
Phyllis Lamb,"Sep 1, 2025",cum.sociis@yahoo.edu,1-702-915-3313,2,"Aug 12, 2025"
Natalie Gray,"Apr 3, 2025",suspendisse.aliquet@hotmail.edu,1-146-462-3353,2,"Mar 15, 2025"
Jane Oliver,"Sep 14, 2024",ultrices.posuere@outlook.couk,1-377-376-2928,1,"Dec 27, 2024"
Madaline Vincent,"Aug 22, 2024",vitae.sodales@protonmail.net,(809) 955-1380,2,"Jun 15, 2025"
Harriet Carson,"Nov 16, 2024",in.consequat.enim@icloud.com,(485) 303-1022,2,"Dec 18, 2025"
Maxwell Cameron,"Dec 27, 2025",cras.convallis@protonmail.net,(327) 728-2652,1,"Apr 1, 2025"
Marshall Justice,"Sep 21, 2025",aenean@protonmail.org,(104) 288-0574,3,"May 31, 2025"
Kylee Morgan,"Apr 7, 2025",molestie@outlook.org,(146) 486-8157,1,"Jun 29, 2024"
Gabriel Ryan,"Feb 18, 2025",nam.porttitor.scelerisque@outlook.ca,(615) 459-3335,2,"Feb 13, 2026"
Akeem Hays,"Jul 17, 2024",etiam.bibendum.fermentum@hotmail.com,(309) 236-1352,2,"Apr 11, 2025"
Leroy Kinney,"Dec 28, 2024",tincidunt@protonmail.com,1-632-437-1854,2,"Aug 26, 2024"
Marsden Pickett,"May 23, 2024",accumsan.laoreet.ipsum@outlook.edu,1-645-964-9368,2,"Jan 12, 2026"
Wynne Henson,"Aug 3, 2024",nunc.mauris@hotmail.edu,1-248-363-6975,2,"Oct 2, 2024"
Trevor Robertson,"Sep 7, 2025",orci.donec@icloud.net,(215) 912-3297,2,"Jun 5, 2025"
Brenda Suarez,"Nov 21, 2025",semper.cursus@protonmail.couk,(571) 748-4363,1,"Aug 3, 2025"
Brianna Parsons,"Nov 19, 2025",facilisis.suspendisse.commodo@protonmail.org,(742) 668-7266,2,"Aug 2, 2024"
Quinn Melendez,"Dec 9, 2024",mus.proin.vel@google.couk,1-638-915-2597,3,"Dec 9, 2026"
Remedios Randall,"Jul 24, 2025",pede.et@hotmail.net,1-567-952-6536,2,"Jul 13, 2025"
Bryar Baker,"Oct 12, 2025",sollicitudin.orci@protonmail.ca,(677) 566-4203,3,"Nov 23, 2024"
Elmo Booker,"Apr 19, 2024",ut.molestie@aol.com,(863) 277-8976,3,"May 11, 2025"
Latifah Mcleod,"Nov 29, 2025",curae@google.ca,(836) 847-3452,2,"Mar 11, 2026"
Dalton Hawkins,"Jan 13, 2025",suspendisse.non.leo@aol.couk,(422) 207-2736,3,"May 6, 2025"
Catherine Little,"Apr 6, 2024",luctus.curabitur.egestas@icloud.net,1-534-135-8570,2,"Oct 11, 2026"
Ori Guerra,"Oct 23, 2025",neque.vitae@hotmail.couk,1-432-275-1371,2,"Feb 12, 2024"
Melissa Erickson,"Oct 11, 2024",ornare@icloud.couk,(671) 635-4483,2,"Nov 21, 2026"
Henry Randolph,"Apr 9, 2025",sollicitudin.orci.sem@google.ca,(219) 871-6646,2,"Jul 12, 2024"
Ulla Higgins,"May 28, 2024",adipiscing.non@icloud.couk,1-233-665-1666,1,"May 10, 2024"
Laurel Keith,"Nov 27, 2024",etiam.ligula@outlook.edu,1-484-368-2664,3,"Dec 21, 2025"
Andrew Johns,"Apr 25, 2025",felis.nulla@protonmail.com,1-647-632-9898,2,"Feb 28, 2024"
Declan Rosales,"Aug 31, 2024",congue@aol.ca,1-967-686-1568,2,"Jun 14, 2026"
Paula Mcclure,"Apr 8, 2025",fringilla.est.mauris@yahoo.edu,1-754-603-6133,1,"Dec 27, 2025"
Zephania Christian,"Oct 5, 2024",parturient.montes@yahoo.ca,(814) 711-6155,3,"May 9, 2025"
Igor Burton,"May 3, 2024",sed.sapien@protonmail.edu,(977) 521-1472,2,"Dec 13, 2024"
Meredith Shepard,"Mar 1, 2025",ornare.elit@google.ca,(470) 736-2313,3,"May 23, 2024"
Gary Little,"Dec 15, 2024",sem.ut.dolor@yahoo.couk,(925) 788-7281,2,"May 25, 2024"
Ifeoma Kim,"Mar 21, 2025",malesuada.ut.sem@yahoo.edu,1-480-416-2418,1,"Feb 25, 2025"
Adele Hahn,"Jun 27, 2025",euismod.urna.nullam@protonmail.org,(455) 483-5884,2,"Jul 24, 2026"
Skyler Stone,"Sep 23, 2024",vestibulum.nec@hotmail.couk,1-746-669-7747,3,"Nov 19, 2025"
Florence Rowland,"Jul 25, 2025",elit@yahoo.edu,(322) 869-5946,3,"Jun 18, 2024"
Hanna Fleming,"Jan 22, 2025",consectetuer.rhoncus@google.com,(725) 582-9311,2,"Sep 17, 2024"
Noble Barnes,"Feb 27, 2026",porttitor.vulputate@yahoo.ca,(763) 573-4218,2,"Sep 29, 2026"
May Hansen,"Oct 7, 2024",phasellus.dolor@protonmail.edu,1-504-582-5080,2,"Jan 15, 2026"
Belle Newman,"Oct 26, 2025",phasellus.nulla@outlook.edu,1-623-531-5770,3,"Oct 16, 2025"
Samantha Jacobs,"Mar 7, 2025",tellus@protonmail.org,1-462-434-3667,1,"Oct 28, 2025"
Beau Wise,"Dec 1, 2025",egestas@protonmail.com,1-480-242-6022,3,"Oct 23, 2026"
Walter Howell,"Sep 28, 2025",consectetuer.adipiscing@google.edu,1-658-537-6674,2,"Jul 18, 2024"
Kiona Solomon,"Aug 13, 2025",sem.ut@icloud.net,(371) 942-8567,1,"Jun 4, 2026"
Leah Wall,"May 25, 2025",ipsum.curabitur.consequat@aol.org,1-483-456-0717,2,"Mar 25, 2024"
Alyssa Bauer,"Apr 15, 2024",ultrices.duis.volutpat@hotmail.org,(366) 368-1149,2,"Nov 27, 2026"
Jennifer Fields,"Aug 9, 2024",proin.ultrices@aol.ca,(157) 555-4677,2,"Jun 11, 2024"
Cain Rowe,"May 28, 2024",rutrum.non.hendrerit@yahoo.ca,(347) 825-7274,2,"Mar 6, 2024"
Brynn Manning,"Jan 23, 2026",phasellus.dapibus@outlook.ca,(799) 781-0617,2,"Apr 17, 2026"
Hedda Vazquez,"Jun 10, 2025",vulputate.nisi@outlook.org,(334) 571-5741,3,"Jan 6, 2026"
Armand Vance,"Nov 6, 2024",eu@hotmail.couk,(733) 258-5153,3,"Jul 11, 2025"
Clinton Mcdaniel,"Jan 28, 2025",tincidunt.pede.ac@protonmail.edu,1-880-522-7171,1,"Nov 30, 2026"
Carly Harrington,"Jul 13, 2025",iaculis@hotmail.org,(692) 602-5885,2,"Oct 5, 2026"
Buckminster Garrett,"Apr 29, 2025",et.commodo@yahoo.edu,1-641-471-1752,2,"Nov 17, 2026"
Jack Wood,"Nov 2, 2024",ac.urna.ut@yahoo.com,(248) 936-2225,2,"Oct 13, 2025"
Noble Lambert,"Dec 28, 2024",imperdiet@icloud.couk,1-641-127-6745,2,"Feb 13, 2026"
Bradley Maddox,"Sep 15, 2024",nisi.dictum@yahoo.com,1-553-210-6447,1,"Feb 13, 2024"
Ezekiel Frye,"Aug 14, 2024",sapien@hotmail.couk,1-828-411-1661,1,"Dec 22, 2026"
Brody Bartlett,"Oct 28, 2024",lorem.auctor.quis@protonmail.org,1-901-492-1817,1,"Dec 17, 2025"
Bell Hoffman,"Apr 3, 2025",ut@hotmail.org,1-468-576-0007,1,"Dec 13, 2024"
Lester Maddox,"Jul 1, 2025",magna@hotmail.ca,(999) 601-3568,2,"Apr 16, 2025"
Ethan Mclean,"Jan 1, 2025",facilisis@aol.couk,(311) 661-2223,1,"Mar 22, 2026"
Constance Montoya,"Feb 28, 2026",nec.metus@icloud.couk,1-757-798-1262,1,"Sep 4, 2026"
Glenna Montoya,"Apr 7, 2024",suspendisse@google.org,1-732-279-6582,2,"Sep 27, 2025"
Alyssa Francis,"Oct 12, 2024",arcu.curabitur@outlook.com,(648) 446-6613,3,"Dec 3, 2024"
Delilah Rojas,"Dec 8, 2024",felis.purus.ac@yahoo.net,(265) 248-7165,2,"Jul 17, 2025"
Octavius Walton,"Jul 19, 2025",rutrum.urna.nec@hotmail.couk,1-524-528-5214,2,"Dec 30, 2024"
Jaime Payne,"Dec 24, 2024",egestas.lacinia@icloud.net,1-728-773-7623,2,"Sep 30, 2026"
Nissim Mendez,"Feb 6, 2025",leo.morbi.neque@yahoo.com,(672) 631-7808,1,"Jan 13, 2025"
Christopher O'connor,"Oct 22, 2025",lacus.aliquam.rutrum@aol.edu,(655) 595-1736,1,"Mar 5, 2026"
Ayanna Hernandez,"Mar 1, 2025",feugiat@aol.com,1-912-874-6683,2,"Mar 26, 2024"
Camilla Gordon,"Oct 16, 2025",dignissim.pharetra.nam@yahoo.org,1-668-611-8577,2,"Oct 19, 2025"
Angela Padilla,"Sep 8, 2024",felis@hotmail.com,(533) 311-4093,2,"Aug 31, 2025"
Eliana Miller,"Feb 24, 2025",vehicula@protonmail.couk,(258) 933-6529,3,"Jan 20, 2024"
Wang Hartman,"Jul 9, 2025",ipsum.non@yahoo.couk,(615) 926-3629,2,"Nov 20, 2026"
Chaney Holland,"Nov 17, 2024",vitae.diam@outlook.com,(338) 226-0170,2,"Jan 25, 2025"
Benedict Abbott,"Nov 12, 2024",duis.risus@google.ca,1-573-836-8241,2,"Jan 4, 2025"
Lara Kramer,"May 14, 2025",amet.metus@hotmail.ca,1-129-522-8878,3,"Jun 6, 2025"
Mira Gonzales,"Mar 8, 2026",accumsan@aol.com,(388) 128-1266,3,"Apr 22, 2026"
Ishmael Hernandez,"Apr 17, 2024",lorem.luctus@google.net,1-747-445-1892,1,"May 9, 2025"
Cain Myers,"Mar 3, 2026",egestas.nunc@hotmail.net,1-328-548-4444,2,"Oct 3, 2025"
Imani Leon,"Oct 27, 2025",mi.tempor@protonmail.edu,1-653-363-7205,2,"Feb 12, 2026"
Joy Schwartz,"Aug 30, 2024",nunc.sed.libero@yahoo.couk,1-984-342-7439,2,"Jun 22, 2025"
Samson Kramer,"Sep 7, 2024",convallis@aol.com,(455) 574-0366,2,"Aug 28, 2026"
Richard Parrish,"Jan 29, 2026",et.ipsum@google.couk,1-374-446-9510,1,"Mar 6, 2024"
Holmes Pratt,"Jun 3, 2024",consectetuer.mauris@google.org,1-333-782-4653,3,"Jan 21, 2025"
Hilary Lawson,"Sep 21, 2025",nec@aol.com,(292) 868-7822,3,"Nov 6, 2026"
Martin Brock,"Jan 15, 2026",vestibulum.accumsan@google.org,1-464-258-0615,1,"Jul 25, 2024"
Alyssa Rodriguez,"Apr 10, 2025",nulla@hotmail.net,(446) 784-3631,3,"Jun 16, 2025"
Cathleen Hewitt,"Feb 5, 2026",erat.neque@hotmail.couk,1-263-448-4124,2,"Jan 23, 2026"
Cody Reeves,"Apr 21, 2024",dolor@outlook.couk,1-847-274-4171,2,"Nov 23, 2026"
Honorato Mays,"Dec 13, 2025",vel.sapien@hotmail.ca,1-991-455-8628,1,"Feb 13, 2024"
Hayley Cervantes,"Jul 2, 2024",donec.est@yahoo.couk,1-227-222-2302,1,"Jan 2, 2026"
Gareth Park,"Dec 12, 2024",semper@yahoo.ca,(266) 561-3888,3,"Sep 7, 2025"
Jael Raymond,"Aug 15, 2025",nunc.id@hotmail.couk,(905) 419-5181,3,"Jun 22, 2024"
Davis Mcdowell,"Sep 6, 2024",non@yahoo.net,1-378-450-2756,2,"Feb 7, 2025"
Brenda O'Neill,"Aug 20, 2024",adipiscing.elit.etiam@yahoo.org,(834) 283-7211,2,"Jan 23, 2025"
Tarik Keith,"Jun 14, 2024",arcu.vel.quam@google.ca,1-332-608-7418,2,"Apr 24, 2025"
Jesse Joyner,"Jan 22, 2025",sodales@yahoo.couk,(520) 440-7017,1,"May 10, 2025"
Merritt Barlow,"Jun 5, 2024",diam@google.couk,1-336-570-8816,2,"Jan 13, 2025"
Vielka Velazquez,"Nov 3, 2024",porta@icloud.net,(551) 475-3333,1,"Mar 9, 2026"
Alika Wilkinson,"Oct 20, 2024",luctus.felis@outlook.edu,1-354-348-7336,2,"Jan 23, 2026"
Violet Bright,"Nov 11, 2024",gravida.sagittis.duis@hotmail.org,(136) 121-2774,2,"Jun 5, 2026"
Alisa Warner,"Jul 13, 2024",auctor.vitae.aliquet@icloud.com,(285) 813-2131,2,"Oct 3, 2026"
Fletcher Casey,"Jul 29, 2025",sem.magna@google.couk,(903) 674-5570,3,"May 28, 2024"
Herrod Palmer,"Nov 13, 2025",vehicula.aliquet.libero@hotmail.couk,(671) 394-1383,2,"Jan 23, 2025"
Knox Johns,"Jul 25, 2024",id@yahoo.com,(648) 761-3337,3,"Mar 31, 2026"
Kevyn Albert,"Aug 31, 2025",id.risus@outlook.edu,1-216-671-7670,2,"May 15, 2024"
Shoshana Murphy,"Jul 13, 2024",nec.tempus.scelerisque@hotmail.com,(435) 314-1416,2,"Mar 11, 2025"
Ishmael Forbes,"Sep 24, 2025",felis.orci.adipiscing@icloud.com,1-162-478-6874,2,"Feb 10, 2025"
Robert Randall,"Mar 13, 2026",mauris@yahoo.edu,(571) 264-5642,2,"May 9, 2025"
Lars Eaton,"Sep 29, 2024",pellentesque.ultricies.dignissim@yahoo.com,(937) 232-6522,3,"Feb 13, 2024"
Ima Middleton,"Sep 5, 2024",risus.a@protonmail.org,(394) 857-8390,2,"Jun 12, 2026"
Duncan Mueller,"Aug 21, 2025",vulputate.nisi@hotmail.org,1-548-354-1952,2,"Nov 5, 2025"
Fleur Schmidt,"Nov 15, 2024",mi.felis.adipiscing@protonmail.com,1-527-616-8437,3,"Mar 3, 2025"
Glenna Hutchinson,"Dec 8, 2024",volutpat.nulla.facilisis@hotmail.ca,(561) 295-8454,3,"Nov 14, 2025"
Stewart Atkinson,"Feb 3, 2026",ante.vivamus@aol.com,1-383-562-4230,2,"Nov 21, 2024"
Alden Compton,"Jun 16, 2025",volutpat.ornare@outlook.com,1-434-728-5954,2,"Aug 4, 2024"
Lyle Stout,"Jun 2, 2024",suspendisse.aliquet.sem@outlook.edu,(116) 957-1761,2,"Dec 27, 2024"
Iona Wright,"Mar 30, 2025",rutrum.fusce@hotmail.ca,(481) 306-8764,2,"Mar 31, 2026"
Hilary Lang,"Jan 29, 2025",ante@aol.org,(121) 453-1594,2,"Jan 1, 2025"
Baker Cotton,"Sep 22, 2024",sed@icloud.edu,1-713-687-3326,2,"Jan 26, 2024"
Nissim Blair,"Jun 10, 2024",mattis.ornare.lectus@protonmail.ca,1-426-257-5350,3,"Aug 5, 2026"
Jada Phelps,"Jan 31, 2026",sit@hotmail.couk,(813) 736-7250,2,"Aug 9, 2024"
Clinton Wagner,"Jul 27, 2024",libero.morbi@icloud.com,1-266-837-2422,1,"Feb 1, 2026"
Kyle Mueller,"May 21, 2024",a.neque@hotmail.ca,1-685-284-5227,2,"Mar 13, 2026"
Alden Walters,"Oct 29, 2025",ac.mi.eleifend@outlook.edu,1-451-378-7446,2,"Jul 29, 2025"
Bradley Atkinson,"Jul 24, 2025",molestie@icloud.ca,1-262-547-3367,2,"Jul 21, 2025"
Allegra Hansen,"Oct 18, 2024",magna@yahoo.edu,(461) 519-7663,1,"Nov 16, 2026"
Connor Ortega,"Mar 18, 2025",lectus.pede.ultrices@aol.couk,(882) 871-3911,1,"Nov 21, 2025"
Sydney Castro,"May 29, 2025",cursus@aol.ca,(588) 688-6535,1,"Jul 26, 2025"
Francis Vincent,"Jul 28, 2024",justo.sit@outlook.ca,1-281-423-6338,2,"Jan 22, 2024"
Pearl Collins,"Oct 16, 2024",blandit.viverra@icloud.ca,1-216-333-8356,2,"Sep 18, 2026"
Alden Price,"May 8, 2025",molestie.sed.id@yahoo.edu,(838) 797-6805,2,"Jan 18, 2024"
Walter Reid,"Aug 21, 2024",et@protonmail.edu,(667) 803-9063,2,"Aug 31, 2026"
Kadeem Romero,"Mar 13, 2025",nonummy.fusce@hotmail.couk,(874) 260-1097,1,"Aug 11, 2024"
Blake Bruce,"Oct 17, 2025",ut.mi@yahoo.edu,(235) 184-2545,2,"Apr 15, 2026"
Hyacinth Ray,"Nov 6, 2024",sed.diam@google.org,1-269-711-7205,1,"Mar 20, 2025"
Daniel Conway,"Dec 30, 2024",sit.amet@hotmail.couk,(667) 663-2547,3,"May 8, 2024"
Gloria Pena,"Feb 24, 2026",luctus.aliquet@icloud.net,1-620-453-5430,2,"Aug 31, 2026"
Emma Cannon,"Jun 14, 2025",in@yahoo.com,1-417-760-2378,1,"Jan 2, 2025"
Neil Downs,"Sep 16, 2024",fermentum.metus@protonmail.com,(878) 316-3042,2,"Aug 12, 2026"
Hamilton Kelley,"Jan 11, 2026",integer.aliquam.adipiscing@outlook.edu,(291) 887-9132,2,"Sep 4, 2026"
Colleen Mosley,"Jan 24, 2025",velit@aol.edu,(605) 795-5749,1,"May 26, 2026"
Channing Ewing,"Feb 15, 2025",dolor.quam.elementum@hotmail.ca,(989) 663-3679,1,"Aug 18, 2025"
Rigel Lawson,"Mar 21, 2025",cubilia.curae@protonmail.org,(455) 660-8268,3,"Aug 25, 2025"
Kirk Kemp,"Nov 27, 2024",dis@yahoo.couk,(554) 854-7139,3,"Apr 25, 2025"
Quinn Stevenson,"Sep 24, 2025",eu.ultrices@yahoo.net,1-142-369-0413,1,"Feb 14, 2025"
Yasir Pratt,"Nov 4, 2024",libero.lacus@hotmail.ca,(501) 374-9747,3,"Jun 11, 2024"
Bo Justice,"May 8, 2024",sit.amet@icloud.net,1-602-446-7557,1,"Feb 8, 2026"
Riley Ray,"Apr 8, 2024",lorem.auctor@hotmail.ca,1-983-568-7979,2,"May 19, 2026"
Chanda Chan,"Apr 3, 2024",diam.dictum.sapien@hotmail.couk,(352) 178-8221,2,"Aug 26, 2024"
Margaret Bryant,"Dec 20, 2025",morbi.vehicula@icloud.org,(788) 870-8022,1,"Feb 2, 2025"
Burke Mcclain,"Feb 2, 2025",dapibus.ligula.aliquam@outlook.com,(686) 468-5250,2,"Dec 19, 2024"
Sybil Ryan,"Mar 23, 2025",consectetuer.adipiscing@google.net,1-591-757-2836,3,"Sep 15, 2024"
Abel Edwards,"Jul 19, 2024",enim.non@outlook.ca,(347) 587-8821,2,"Jul 15, 2025"
Raya Wells,"Mar 4, 2025",cursus.purus@outlook.net,1-728-336-6134,2,"Jul 28, 2024"
Adria Dotson,"May 11, 2024",tortor.nibh.sit@protonmail.net,(818) 806-5958,3,"May 11, 2024"
Warren Hartman,"Mar 31, 2024",egestas.ligula.nullam@hotmail.couk,1-685-279-8361,1,"Mar 30, 2025"
Emerson Foreman,"Apr 1, 2025",nec@icloud.net,(249) 984-1656,2,"Apr 15, 2024"
Hasad Mcdonald,"Aug 24, 2025",interdum.sed@outlook.ca,1-322-444-0545,1,"Aug 2, 2025"
Nyssa Pitts,"Nov 21, 2025",augue.eu@yahoo.com,(647) 520-3534,2,"Dec 10, 2025"
Ruth Barr,"Jul 27, 2025",sem.ut@protonmail.couk,1-326-943-7506,1,"Sep 5, 2026"
Troy Larsen,"Jan 20, 2026",tincidunt@yahoo.edu,1-387-292-3834,3,"Aug 16, 2024"
Allistair Castro,"Oct 11, 2024",maecenas.iaculis@aol.net,1-748-761-3325,1,"Dec 3, 2026"
Stephen Riddle,"Jan 1, 2026",nisi@aol.couk,1-411-520-5027,1,"Nov 3, 2024"
Candice Dalton,"Aug 21, 2025",aliquet.odio@yahoo.net,(922) 686-3730,3,"Jun 11, 2026"
Timon Hester,"Jun 15, 2025",pellentesque.ultricies@google.couk,(292) 514-6287,1,"Sep 19, 2025"
Britanney Glenn,"May 14, 2025",donec.vitae@google.net,1-666-515-8824,3,"Sep 30, 2026"
Buckminster Farmer,"Aug 7, 2025",magnis.dis@aol.ca,1-602-850-6751,1,"Jun 4, 2024"
Dominique Hughes,"Jan 1, 2025",cursus@google.ca,(287) 489-7946,1,"May 13, 2026"
Jason Hicks,"Jan 23, 2025",montes.nascetur@yahoo.edu,1-223-538-6787,3,"Jun 11, 2025"
Keefe Bryant,"Jan 25, 2025",cursus.non@hotmail.net,(241) 852-8579,2,"Sep 13, 2026"
Camille Gates,"Jan 14, 2025",nibh@yahoo.org,1-533-376-3011,3,"Aug 3, 2025"
Samson Talley,"Oct 28, 2025",dui.augue.eu@hotmail.com,1-708-763-2357,1,"May 30, 2024"
Jakeem Wood,"Apr 12, 2025",morbi@aol.edu,(506) 534-3326,3,"Nov 30, 2026"
Alice Stuart,"Aug 6, 2025",curabitur@hotmail.com,(336) 154-7469,3,"Jan 24, 2024"
Donovan Burgess,"Oct 31, 2025",blandit.congue@yahoo.couk,1-142-366-8745,1,"Nov 16, 2025"
Megan Russo,"Mar 22, 2026",odio@outlook.org,1-270-238-7287,3,"Aug 6, 2025"
Aladdin Turner,"Feb 20, 2025",felis.orci.adipiscing@icloud.ca,1-622-468-1682,3,"Oct 18, 2025"
Zane Daniels,"Oct 24, 2025",vel.mauris@aol.edu,(733) 538-7716,1,"Jun 19, 2026"
Ima Blair,"Jun 11, 2024",turpis.nulla@icloud.net,1-734-766-5502,1,"Nov 13, 2026"
Teagan Byers,"Jul 26, 2025",at@protonmail.org,1-434-785-6875,2,"May 18, 2026"
Dorian Juarez,"Mar 13, 2025",viverra.donec.tempus@protonmail.net,1-845-694-5341,2,"Feb 1, 2025"
Bruce Drake,"Jun 6, 2024",felis.purus@protonmail.org,1-322-807-2757,1,"Jun 12, 2026"
Olga Burke,"Feb 14, 2025",nam.ac@google.com,1-647-926-9673,2,"Feb 10, 2025"
Yen Bruce,"Jul 28, 2024",fusce.feugiat.lorem@hotmail.edu,1-348-864-7604,1,"Aug 20, 2025"
Petra Edwards,"Apr 30, 2024",donec.luctus.aliquet@aol.com,(843) 820-7829,3,"Oct 29, 2026"
Alec Prince,"Feb 28, 2025",eu.elit.nulla@google.org,(121) 443-1249,2,"May 24, 2024"
Lev Potter,"Oct 3, 2025",ut@outlook.com,1-504-615-7326,3,"Mar 15, 2025"
Xantha Barry,"Dec 21, 2024",lectus@outlook.net,1-716-838-7982,2,"Sep 7, 2026"
Sawyer Curtis,"Jun 20, 2025",ornare.fusce.mollis@outlook.org,(725) 126-5507,3,"Oct 1, 2025"
Libby Kelly,"Feb 25, 2025",auctor.velit@icloud.couk,(410) 475-4317,2,"Jul 3, 2025"
Cheyenne Benson,"Oct 5, 2024",orci@yahoo.couk,1-446-624-0433,2,"Dec 14, 2025"
Eric Lopez,"Jan 7, 2026",nulla@google.net,(190) 987-2756,1,"May 26, 2024"
Keegan Roth,"Jan 13, 2026",viverra.donec@protonmail.com,1-777-858-2516,3,"Apr 18, 2024"
Demetria Morse,"May 25, 2024",duis.mi.enim@yahoo.ca,(263) 876-9756,3,"Oct 13, 2025"
Serena Newman,"Jul 24, 2025",auctor.mauris@yahoo.com,(869) 895-6240,2,"Dec 7, 2025"
Lucas Sykes,"Aug 16, 2025",dis@protonmail.org,1-862-780-1856,2,"Jan 23, 2024"
Doris Owens,"Jun 23, 2024",vitae.erat@outlook.org,1-547-592-8182,2,"Jan 22, 2026"
Wyatt Hogan,"Mar 11, 2025",commodo.auctor.velit@protonmail.ca,1-331-366-7894,2,"Nov 11, 2025"
Jorden Martin,"May 29, 2024",ipsum@yahoo.ca,(735) 733-4345,1,"Oct 17, 2025"
Kathleen Stanley,"Sep 14, 2025",phasellus.fermentum@icloud.edu,1-814-402-6606,2,"Jun 14, 2024"
Fritz Henry,"Aug 31, 2024",eu.augue.porttitor@yahoo.edu,(532) 539-2552,3,"Mar 20, 2026"
Ian Reilly,"Nov 16, 2024",semper.rutrum@outlook.com,1-247-217-2023,3,"Aug 7, 2026"
Todd Lowery,"Jan 8, 2026",proin.non@protonmail.couk,1-670-877-4801,3,"Jul 17, 2026"
Charde Humphrey,"May 12, 2024",pharetra.ut.pharetra@google.com,(289) 189-5672,2,"Jun 20, 2024"
Justin Pace,"Mar 21, 2026",neque.sed.sem@yahoo.net,(403) 924-0810,2,"Dec 24, 2026"
Graiden Kline,"Jan 7, 2025",non.vestibulum@icloud.couk,(514) 282-0671,1,"Aug 21, 2024"
Robin Fletcher,"Sep 22, 2024",eu@google.com,1-202-548-0723,2,"Aug 31, 2024"
Lareina Horne,"Feb 3, 2025",rutrum.lorem.ac@protonmail.org,1-746-654-5187,2,"Jun 4, 2026"
Claudia Travis,"Jun 17, 2025",ligula@google.com,(796) 696-4534,1,"Jun 2, 2024"
Fulton Trevino,"Jul 27, 2025",faucibus@outlook.ca,1-522-402-1887,2,"Jan 6, 2025"
Willow Donovan,"Jan 5, 2026",massa.quisque.porttitor@icloud.couk,(281) 844-5370,1,"Aug 21, 2025"
Nadine Logan,"Aug 11, 2024",massa@outlook.edu,(637) 948-8557,1,"Jan 14, 2025"
Jordan Blankenship,"Nov 21, 2024",orci.lacus@outlook.couk,1-880-477-5061,1,"Feb 23, 2026"
Ria Lucas,"Apr 24, 2024",risus.nunc@protonmail.couk,1-220-876-2532,2,"Dec 1, 2026"
Lucas Stewart,"Jan 20, 2025",nulla.facilisis@aol.ca,1-544-527-7049,2,"Dec 9, 2026"
Inga Copeland,"Oct 3, 2024",malesuada.fames@hotmail.ca,(854) 875-4209,1,"Oct 7, 2026"
Kim Shelton,"Apr 17, 2025",laoreet@protonmail.ca,(519) 519-2499,3,"Jan 19, 2025"
MacKensie Ruiz,"Sep 3, 2024",magna@icloud.org,1-525-637-2101,1,"Jun 1, 2025"
MacKensie Joyner,"Dec 22, 2025",ornare.in@icloud.couk,(490) 704-8247,2,"Feb 19, 2025"
Ezekiel William,"Jul 17, 2024",aliquam@google.edu,(793) 733-8037,2,"Oct 31, 2025"
Arden Mullen,"Sep 27, 2025",nullam.lobortis@icloud.couk,1-285-636-5864,2,"May 28, 2024"
Plato Russell,"Jun 6, 2024",mi.enim.condimentum@aol.couk,1-388-942-8655,3,"Mar 6, 2025"
Doris Hanson,"Mar 6, 2026",semper.auctor.mauris@google.com,1-383-338-1434,2,"Dec 15, 2026"
Keely Leblanc,"Jan 18, 2025",aliquam.adipiscing.lobortis@protonmail.com,(741) 981-1626,1,"Jan 28, 2026"
Noelle Pena,"Jun 2, 2024",arcu@protonmail.net,(475) 319-2748,1,"Feb 11, 2025"
Hu Pearson,"Feb 14, 2026",morbi.tristique.senectus@outlook.edu,(340) 861-8443,2,"Nov 19, 2026"
Moana Wilcox,"May 19, 2024",enim@google.couk,1-951-277-8331,2,"Mar 7, 2024"
Brynn Michael,"Oct 31, 2024",sed.turpis.nec@aol.com,1-868-341-0579,2,"Mar 20, 2026"
Audrey Gay,"Jun 19, 2025",amet.orci@aol.edu,1-483-842-4787,2,"Dec 8, 2024"
Alexa Hancock,"Jun 30, 2024",malesuada.ut.sem@outlook.couk,(894) 574-0252,1,"Sep 13, 2026"
Hashim Suarez,"Oct 15, 2025",eros.turpis@hotmail.edu,(608) 238-3593,2,"Oct 23, 2025"
Breanna Nicholson,"May 28, 2025",in@outlook.edu,1-732-451-1774,3,"May 25, 2026"
Channing Jarvis,"Oct 25, 2025",tincidunt.donec@hotmail.couk,(756) 539-9947,3,"Jan 19, 2026"
Bruno Bullock,"May 27, 2025",augue.malesuada.malesuada@yahoo.net,(286) 823-2795,1,"Mar 27, 2026"
Quinn Cardenas,"Mar 11, 2025",nunc.sit@outlook.net,(710) 764-7363,3,"Jan 2, 2024"
Lillian Conrad,"Jan 2, 2026",molestie.in@google.com,1-817-741-2631,1,"Sep 4, 2024"
Tamara Clark,"May 20, 2024",ligula.nullam@outlook.net,1-566-333-8604,3,"Jul 12, 2024"
